Publication Year,Document Title,Authors,ISSN,Journal Title,Volume,Issue,c2006,c2006,c2007,c2008,c2009,c2010,c2011,c2012,c2013,c2014,c2015,c2016,c2017,c2018,c2019,c2020,c2021,subtotal,c_after_2021,total
2021,Identification of the somatomotor network from language task-based fMRI compared with resting-state fMRI in patients with brain lesions,"Beheshtian E., Jalilianhasanpour R., Shanechi A.M., Sethi V., Wang G., Lindquist M., Caffo B., Agarwal S., Pillai J.J., Gujar S.K., Sair H.I.",338419,Radiology,301,1,0,0,0,0,0,0,0,0,0,0,0,0,0,0,0,0,1,1,0,1
2021,Quantitative EEG improves prediction of Sturge-Weber syndrome in infants with port-wine birthmark,"Gill R.E., Tang B., Smegal L., Adamek J.H., McAuliffe D., Lakshmanan B.M., Srivastava S., Quain A.M., Sebold A.J., Lin D.D.M., Kossoff E.H., Caffo B., Comi A.M., Ewen J.B.",13882457,Clinical Neurophysiology,132,10,0,0,0,0,0,0,0,0,0,0,0,0,0,0,0,0,0,0,0,0
2021,Eliminating accidental deviations to minimize generalization error and maximize replicability: Applications in connectomics and genomics,"Bridgeford E.W., Wang S., Wang Z., Xu T., Craddock C., Dey J., Kiar G., Gray-Roncal W., Colantuoni C., Douville C., Noble S., Priebe C.E., Caffo B., Milham M., Zuo X.-N., Vogelstein J.T.",1553734X,PLoS Computational Biology,17,9,0,0,0,0,0,0,0,0,0,0,0,0,0,0,0,0,0,0,0,0
2021,Multimodal neuroimaging data integration and pathway analysis,"Zhao Y., Li L., Caffo B.",0006341X,Biometrics,77,3,0,0,0,0,0,0,0,0,0,0,0,0,0,0,0,1,0,1,0,1
2021,Long-term kidney function and survival in recipients of allografts from living kidney donors with hypertension: a national cohort study,"Al Ammary F., Yu S., Muzaale A.D., Segev D.L., Liyanage L., Crews D.C., Brennan D.C., El-Meanawy A., Alqahtani S., Atta M.G., Levan M.L., Caffo B., Welling P.A., Massie A.B.",9340874,Transplant International,34,8,0,0,0,0,0,0,0,0,0,0,0,0,0,0,0,0,0,0,0,0
2021,"Default mode network connectivity and cognition in the aging brain: the effects of age, sex, and APOE genotype.","Shafer A.T., Beason-Held L., An Y., Williams O.A., Huo Y., Landman B.A., Caffo B., Resnick S.",1974580,Neurobiology of Aging,104,,0,0,0,0,0,0,0,0,0,0,0,0,0,0,0,0,0,0,0,0
2021,Ten Rules for Conducting Retrospective Pharmacoepidemiological Analyses: Example COVID-19 Study,"Powell M., Koenecke A., Byrd J.B., Nishimura A., Konig M.F., Xiong R., Mahmood S., Mucaj V., Bettegowda C., Rose L., Tamang S., Sacarny A., Caffo B., Athey S., Stuart E.A., Vogelstein J.T.",16639812,Frontiers in Pharmacology,12,,0,0,0,0,0,0,0,0,0,0,0,0,0,0,0,0,0,0,0,0
2021,Corrigendum to: Neuroconductor: an R platform for medical imaging analysis,"Muschelli J., Gherman A., Fortin J.-P., Avants B., Whitcher B., Clayden J.D., Caffo B., Crainiceanu C.",14684357,Biostatistics,22,3,0,0,0,0,0,0,0,0,0,0,0,0,0,0,0,0,0,0,0,0
2021,Covariate Assisted Principal regression for covariance matrix outcomes,"Zhao Y., Wang B., Mostofsky S., Caffo B., Luo X.",14684357,Biostatistics,22,3,0,0,0,0,0,0,0,0,0,0,0,0,0,0,0,0,3,3,0,3
2021,Alpha-1 adrenergic receptor antagonists to prevent hyperinflammation and death from lower respiratory tract infection,"Koenecke A., Powell M., Xiong R., Shen Z., Fischer N., Huq S., Khalafallah A.M., Trevisan M., Sparen P., Carrero J.J., Nishimura A., Caffo B., Stuart E.A., Bai R., Staedtke V., Thomas D.L., Papadopoulos N., Kinzler K.W., Vogelstein B., Zhou S., Bettegowda C., Konig M.F., Mensh B.D., Vogelstein J.T., Athey S.",2050084X,eLife,10,,0,0,0,0,0,0,0,0,0,0,0,0,0,0,0,0,2,2,0,2
2021,"Examining the Safety, Pharmacokinetics, and Pharmacodynamics of a Rectally Administered IQP-0528 Gel for HIV Pre-Exposure Prophylaxis: A First-In-Human Study","Al-Khouja A., Shieh E., Fuchs E.J., Marzinke M.A., Bakshi R.P., Hummert P., Ham A.S., Buckheit K.W., Breakey J., Weld E.D., Chen H., Caffo B., Buckheit R.W., Hendrix C.",8892229,AIDS Research and Human Retroviruses,37,6,0,0,0,0,0,0,0,0,0,0,0,0,0,0,0,0,1,1,0,1
2021,The Effect of Age and Competition Level on Subtle Motor Performance in Adolescents Medically Cleared Postconcussion: Preliminary Findings,"Crasta J.E., Raja A.E., Caffo B., Hluchan C.M., Suskauer S.J.",8949115,American Journal of Physical Medicine and Rehabilitation,100,6,0,0,0,0,0,0,0,0,0,0,0,0,0,0,0,0,0,0,0,0
2021,On statistical tests of functional connectome fingerprinting,"Wang Z., Sair H.I., Crainiceanu C., Lindquist M., Landman B.A., Resnick S., Vogelstein J.T., Caffo B.",3195724,Canadian Journal of Statistics,49,1,0,0,0,0,0,0,0,0,0,0,0,0,0,0,0,0,1,1,0,1
2021,Multimodal MRI assessment for first episode psychosis: A major change in the thalamus and an efficient stratification of a subgroup,"Faria A., Zhao Y., Ye C., Hsu J., Yang K., Cifuentes E., Wang L., Mori S., Miller M.I., Caffo B., Sawa A.",10659471,Human Brain Mapping,42,4,0,0,0,0,0,0,0,0,0,0,0,0,0,0,0,0,3,3,0,3
2021,Principal regression for high dimensional covariance matrices,"Zhao Y., Caffo B., Luo X.",19357524,Electronic Journal of Statistics,15,2,0,0,0,0,0,0,0,0,0,0,0,0,0,0,0,0,0,0,0,0
2021,Neural regions underlying object and action naming: complementary evidence from acute stroke and primary progressive aphasia,"Breining B.L., Faria A., Caffo B., Meier E.L., Sheppard S.M., Sebastian R., Tippett D.C., Hillis A.E.",2687038,Aphasiology,,,0,0,0,0,0,0,0,0,0,0,0,0,0,0,0,0,1,1,0,1
2021,Phase-locking of resting-state brain networks with the gastric basal electrical rhythm,"Choe A.S., Tang B., Smith K.R., Honari H., Lindquist M., Caffo B., Pekar J.",19326203,PLoS ONE,16,1,0,0,0,0,0,0,0,0,0,0,0,0,0,0,0,0,0,0,0,0
2021,White Matter Integrity Predicts Electrical Stimulation (tDCS) and Language Therapy Effects in Primary Progressive Aphasia,"Zhao Y., Ficek B., Webster K., Frangakis C., Caffo B., Hillis A.E., Faria A., Tsapkini K.",15459683,Neurorehabilitation and Neural Repair,35,1,0,0,0,0,0,0,0,0,0,0,0,0,0,0,0,0,4,4,0,4
2021,A whole-brain modeling approach to identify individual and group variations in functional connectivity,"Zhao Y., Caffo B., Wang B., Li C.-S.R., Luo X.",21623279,Brain and Behavior,11,1,0,0,0,0,0,0,0,0,0,0,0,0,0,0,0,0,0,0,0,0
2020,Are Women Disadvantaged in Academic Radiology?,"Jalilianhasanpour R., Chen H., Caffo B., Johnson P., Beheshtian E., Yousem D.",10766332,Academic Radiology,27,12,0,0,0,0,0,0,0,0,0,0,0,0,0,0,0,0,5,5,0,5
2020,Rxnat: An Open-Source R Package for XNAT-Based Repositories,"Gherman A., Muschelli J., Caffo B., Crainiceanu C.",16625196,Frontiers in Neuroinformatics,14,,0,0,0,0,0,0,0,0,0,0,0,0,0,0,0,0,0,0,0,0
2020,Developmental score of the infant brain: characterizing diffusion MRI in term- and preterm-born infants,"Wu D., Chang L., Ernst T.M., Caffo B., Oishi K.",18632653,Brain Structure and Function,225,8,0,0,0,0,0,0,0,0,0,0,0,0,0,0,0,0,0,0,0,0
2020,Machine learning to predict transplant outcomes: helpful or hype? A national cohort study,"Bae S., Massie A.B., Caffo B., Jackson K.R., Segev D.L.",9340874,Transplant International,33,11,0,0,0,0,0,0,0,0,0,0,0,0,0,0,0,0,5,5,0,5
2020,Template Independent Component Analysis: Targeted and Reliable Estimation of Subject-level Brain Networks Using Big Data Population Priors,"Mejia A., Nebel M.B., Wang Y., Caffo B., Guo Y.",1621459,Journal of the American Statistical Association,115,531,0,0,0,0,0,0,0,0,0,0,0,0,0,0,0,0,4,4,0,4
2020,Learning of skilled movements via imitation in ASD,"McAuliffe D., Zhao Y., Pillai A.S., Ament K., Adamek J., Caffo B., Mostofsky S., Ewen J.B.",19393792,Autism Research,13,5,0,0,0,0,0,0,0,0,0,0,0,0,0,0,0,2,1,3,0,3
2020,Bayesian inference of a directional brain network model for intracranial EEG data,"Zhang T., Sun Y., Li H., Yan G., Tanabe S., Miao R., Wang Y., Caffo B., Quigg M.S.",1679473,Computational Statistics and Data Analysis,144,,0,0,0,0,0,0,0,0,0,0,0,0,0,0,0,0,0,0,0,0
2020,Cognitive and language performance predicts effects of spelling intervention and tDCS in Primary Progressive Aphasia,"de Aguiar V., Zhao Y., Ficek B., Webster K., Rofes A., Wendt H., Frangakis C., Caffo B., Hillis A.E., Rapp B., Tsapkini K.",109452,Cortex,124,,0,0,0,0,0,0,0,0,0,0,0,0,0,0,0,1,6,7,0,7
2020,Sparse principal component based high-dimensional mediation analysis,"Zhao Y., Lindquist M., Caffo B.",1679473,Computational Statistics and Data Analysis,142,,0,0,0,0,0,0,0,0,0,0,0,0,0,0,0,4,5,9,1,10
2020,The Democratization of Data Science Education,"Kross S., Peng R., Caffo B., Gooding I., Leek J.T.",31305,American Statistician,74,1,0,0,0,0,0,0,0,0,0,0,0,0,0,0,0,2,8,10,0,10
2020,Semiparametric partial common principal component analysis for covariance matrices,"Wang B., Luo X., Zhao Y., Caffo B.",0006341X,Biometrics,,,0,0,0,0,0,0,0,0,0,0,0,0,0,0,0,0,0,0,0,0
2020,SpineCloud: Image analytics for predictive modeling of spine surgery outcomes,"De Silva T., Vedula S.S., Perdomo-Pantoja A., Vijayan R., Doerr S.A., Uneri A., Han R., Ketcha M.D., Skolasky R.L., Caffo B., Hager G., Witham T., Theodore N., Siewerdsen J.H.",0277786X,Proceedings of SPIE - The International Society for Optical Engineering,11315,,0,0,0,0,0,0,0,0,0,0,0,0,0,0,0,0,0,0,0,0
2020,Brain volumes as predictors of tDCS effects in primary progressive aphasia,"de Aguiar V., Zhao Y., Faria A., Ficek B., Webster K.T., Wendt H., Wang Z., Hillis A.E., Onyike C.U., Frangakis C., Caffo B., Tsapkini K.",0093934X,Brain and Language,200,,0,0,0,0,0,0,0,0,0,0,0,0,0,0,0,1,11,12,0,12
2019,Using deep Siamese neural networks for detection of brain asymmetries associated with Alzheimer's Disease and Mild Cognitive Impairment,"Liu C.-F., Padhy S., Ramachandran S., Wang V.X., Efimov A., Bernal A., Shi L., Vaillant M., Ratnanather J.T., Faria A., Caffo B., Albert M., Miller M.I.I.",0730725X,Magnetic Resonance Imaging,64,,0,0,0,0,0,0,0,0,0,0,0,0,0,0,1,4,10,15,1,16
2019,Extended multimodal whole-brain anatomical covariance analysis: detection of disrupted correlation networks related to amyloid deposition,"Ye C., Albert M., Brown T., Bilgel M., Hsu J., Ma T., Caffo B., Miller M.I.I., Mori S., Oishi K.",24058440,Heliyon,5,7,0,0,0,0,0,0,0,0,0,0,0,0,0,0,0,2,0,2,0,2
2019,Modular preprocessing pipelines can reintroduce artifacts into fMRI data,"Lindquist M., Geuter S., Wager T.D., Caffo B.",10659471,Human Brain Mapping,40,8,0,0,0,0,0,0,0,0,0,0,0,0,0,0,4,18,30,52,0,52
2019,Improved state change estimation in dynamic functional connectivity using hidden semi-Markov models,"Shappell H., Caffo B., Pekar J., Lindquist M.",10538119,NeuroImage,191,,0,0,0,0,0,0,0,0,0,0,0,0,0,0,1,3,7,11,0,11
2019,Neuroconductor: An R platform for medical imaging analysis,"Muschelli J., Gherman A., Fortin J.-P., Avants B., Whitcher B., Clayden J.D., Caffo B., Crainiceanu C.",14654644,Biostatistics,20,2,0,0,0,0,0,0,0,0,0,0,0,0,0,1,5,6,7,19,0,19
2019,"Erratum: “The effect of tDCS on functional connectivity in primary progressive aphasia”(NeuroImage: Clinical (2018)19 (703–715), (S2213158218301682), (10.1016/j.nicl.2018.05.023))","Ficek B., Wang Z., Zhao Y., Webster K.T., Desmond J.E., Hillis A.E., Frangakis C., Faria A., Caffo B., Tsapkini K.",22131582,NeuroImage: Clinical,22,,0,0,0,0,0,0,0,0,0,0,0,0,0,0,0,0,2,2,0,2
2019,Bias in neuroradiology peer review: Impact of a “ding” on “dinging” others,"Charkhchi P., Wang B., Caffo B., Yousem D.",1956108,American Journal of Neuroradiology,40,1,0,0,0,0,0,0,0,0,0,0,0,0,0,0,1,0,2,3,0,3
2019,Mixed effect machine learning: A framework for predicting longitudinal change in hemoglobin A1c,"Ngufor C., Van Houten H., Caffo B., Shah N.D., McCoy R.G.",15320464,Journal of Biomedical Informatics,89,,0,0,0,0,0,0,0,0,0,0,0,0,0,0,2,5,10,17,0,17
2018,Improved estimation of subject-level functional connectivity using full and partial correlation with empirical Bayes shrinkage,"Mejia A., Nebel M.B., Barber A., Choe A.S., Pekar J., Caffo B., Lindquist M.",10538119,NeuroImage,172,,0,0,0,0,0,0,0,0,0,0,0,0,0,1,3,1,8,13,1,14
2018,High-dimensional multivariate mediation with application to neuroimaging data,"Chen O.Y., Crainiceanu C., Ogburn E.L., Caffo B., Wager T.D., Lindquist M.",14654644,Biostatistics,19,2,0,0,0,0,0,0,0,0,0,0,0,0,0,1,6,8,14,29,1,30
2018,Early functional connectome integrity and 1-year recovery in comatose survivors of cardiac arrest,"Sair H.I., Hannawi Y., Li S., Kornbluth J., Demertzi A., Di Perri C., Chabanne R., Jean B., Benali H., Perlbarg V., Pekar J., Luyt C.-E., Galanaud D., Velly L., Puybasset L., Laureys S., Caffo B., Stevens R.D.",338419,Radiology,287,1,0,0,0,0,0,0,0,0,0,0,0,0,0,4,2,11,3,20,0,20
2018,The effect of tDCS on functional connectivity in primary progressive aphasia,"Ficek B., Wang Z., Zhao Y., Webster K.T., Desmond J.E., Hillis A.E., Frangakis C., Vasconcellos Faria A., Caffo B., Tsapkini K.",22131582,NeuroImage: Clinical,19,,0,0,0,0,0,0,0,0,0,0,0,0,0,1,2,7,9,19,0,19
2017,Dynamic Functional Connectivity States between the Dorsal and Ventral Sensorimotor Networks Revealed by Dynamic Conditional Correlation Analysis of Resting-State Functional Magnetic Resonance Imaging,"Syed M.F., Lindquist M., Pillai J.J., Agarwal S., Gujar S.K., Choe A.S., Caffo B., Sair H.I.",21580014,Brain Connectivity,7,10,0,0,0,0,0,0,0,0,0,0,0,0,0,1,3,2,3,9,0,9
2017,Big Data and Neuroimaging,"Webb-Vargas Y., Chen S., Fisher A., Mejia A., Xu Y., Crainiceanu C., Caffo B., Lindquist M.",18671764,Statistics in Biosciences,9,2,0,0,0,0,0,0,0,0,0,0,0,0,0,1,1,1,0,3,1,4
2017,Comparing test-retest reliability of dynamic functional connectivity methods,"Choe A.S., Nebel M.B., Barber A.D., Cohen J.R., Xu Y., Pekar J., Caffo B., Lindquist M.",10538119,NeuroImage,158,,0,0,0,0,0,0,0,0,0,0,0,0,4,13,17,26,27,87,0,87
2017,PCA leverage: Outlier detection for high-dimensional functional magnetic resonance imaging data,"Mejia A., Nebel M.B., Eloyan A., Caffo B., Lindquist M.",14654644,Biostatistics,18,3,0,0,0,0,0,0,0,0,0,0,0,0,1,0,2,1,7,11,0,11
2017,"Bayesian inference of high-dimensional, cluster-structured ordinary differential equation models with applications to brain connectivity studies","Zhang T., Yin Q., Caffo B., Sun Y., Boatman-Reich D.",19326157,Annals of Applied Statistics,11,2,0,0,0,0,0,0,0,0,0,0,0,0,0,0,0,2,3,5,0,5
2017,Decoupling of reaction time-related default mode network activity with cognitive demand,"Barber A.D., Caffo B., Pekar J., Mostofsky S.",19317557,Brain Imaging and Behavior,11,3,0,0,0,0,0,0,0,0,0,0,0,1,0,0,0,2,1,4,0,4
2017,Presurgical brain mapping of the ventral somatomotor network in patients with brain tumors using resting-state fMRI,"Yahyavi-Firouz-Abadi N., Pillai J.J., Lindquist M., Calhoun V.D., Agarwal S., Airan R.D., Caffo B., Gujar S.K., Sair H.I.",1956108,American Journal of Neuroradiology,38,5,0,0,0,0,0,0,0,0,0,0,0,0,2,1,2,2,6,13,1,14
2017,Parallel group independent component analysis for massive fMRI data sets,"Chen S., Huang L., Qiu H., Nebel M.B., Mostofsky S., Pekar J., Lindquist M., Eloyan A., Caffo B.",19326203,PLoS ONE,12,3,0,0,0,0,0,0,0,0,0,0,0,0,1,2,0,1,0,4,0,4
2017,An M-estimator for reduced-rank system identification,"Chen S., Liu K., Yang Y., Xu Y., Lee S., Lindquist M., Caffo B., Vogelstein J.T.",1678655,Pattern Recognition Letters,86,,0,0,0,0,0,0,0,0,0,0,0,0,0,1,0,2,1,4,0,4
2017,Trajectories of Glycemic Change in a National Cohort of Adults with Previously Controlled Type 2 Diabetes,"McCoy R.G., Ngufor C., Van Houten H.K., Caffo B., Shah N.D.",257079,Medical Care,55,11,0,0,0,0,0,0,0,0,0,0,0,0,0,1,5,1,4,11,0,11
2017,Practical no-gold-standard evaluation framework for quantitative imaging methods: Application to lesion segmentation in positron emission tomography,"Jha A.K., Mena E., Caffo B., Ashrafinia S., Rahmim A., Frey E., Subramaniam R.M.",23294302,Journal of Medical Imaging,4,1,0,0,0,0,0,0,0,0,0,0,0,0,2,0,1,2,4,9,0,9
2017,Imaging of glial cell activation and white matter integrity in brains of active and recently retired national football league players,"Coughhlin J., Yuchuanwang Y., Minn I., Bienko N., Ambinder E.B., Xu X., Peters M.E., Dougherty J.W., Vranesic M., Koo S.M., Ahn H.-H., Lee M., Cottrell C., Sair H.I., Sawa A., Munro C.A., Nowinski C.J., Dannals R.F., Lyketsos C.G., Kassiou M., Smith G., Caffo B., Mori S., Guilarte T.R., Pomper M.G.",21686149,JAMA Neurology,74,1,0,0,0,0,0,0,0,0,0,0,0,0,9,19,19,21,20,88,1,89
2016,Sparse median graphs estimation in a high-dimensional semiparametric model,"Han F., Han X., Liu H., Caffo B.",19326157,Annals of Applied Statistics,10,3,0,0,0,0,0,0,0,0,0,0,0,0,0,1,1,0,1,3,0,3
2016,Lesion heterogeneity on high-field susceptibility MRI Is associated with multiple sclerosis severity,"Harrison D.M., Li X., Liu H., Jones C.K., Caffo B., Calabresi P.A., Van Zijl P.",1956108,American Journal of Neuroradiology,37,8,0,0,0,0,0,0,0,0,0,0,0,0,3,7,7,7,6,30,1,31
2016,Parameterization of White Matter Manifold-Like Structures Using Principal Surfaces,"Yue C., Zipunnikov V., Bazin P.-L., Pham D., Reich D., Crainiceanu C., Caffo B.",1621459,Journal of the American Statistical Association,111,515,0,0,0,0,0,0,0,0,0,0,0,0,0,0,0,0,1,1,0,1
2016,Ten Simple Rules for Effective Statistical Practice,"Kass R.E., Caffo B., Davidian M., Meng X.-L., Yu B., Reid N.",1553734X,PLoS Computational Biology,12,6,0,0,0,0,0,0,0,0,0,0,0,1,13,7,9,2,8,40,0,40
2016,Factors affecting characterization and localization of interindividual differences in functional connectivity using MRI,"Airan R.D., Vogelstein J.T., Pillai J.J., Caffo B., Pekar J., Sair H.I.",10659471,Human Brain Mapping,37,5,0,0,0,0,0,0,0,0,0,0,0,3,6,7,7,2,8,33,0,33
2016,"Fast, Exact Bootstrap Principal Component Analysis for p &gt; 1 Million","Fisher A., Caffo B., Schwartz B., Zipunnikov V.",1621459,Journal of the American Statistical Association,111,514,0,0,0,0,0,0,0,0,0,0,0,0,0,1,4,1,2,8,0,8
2016,A no-gold-standard technique for objective assessment of quantitative nuclear-medicine imaging methods,"Jha A.K., Caffo B., Frey E.",319155,Physics in Medicine and Biology,61,7,0,0,0,0,0,0,0,0,0,0,0,0,3,0,2,2,5,12,0,12
2016,Presurgical brain mapping of the language network in patients with brain tumors using resting-state fMRI: Comparison with task fMRI,"Sair H.I., Yahyavi-Firouz-Abadi N., Calhoun V.D., Airan R.D., Agarwal S., Intrapiromkul J., Choe A.S., Gujar S.K., Caffo B., Lindquist M., Pillai J.J.",10659471,Human Brain Mapping,37,3,0,0,0,0,0,0,0,0,0,0,0,0,7,12,14,13,20,66,1,67
2016,Joint estimation of multiple graphical models from high dimensional time series,"Qiu H., Han F., Liu H., Caffo B.",13697412,Journal of the Royal Statistical Society. Series B: Statistical Methodology,78,2,0,0,0,0,0,0,0,0,0,0,1,5,2,6,7,10,6,37,0,37
2016,A Multicenter Longitudinal Study of Hospital-Onset Bacteremia: Time for a New Quality Outcome Measure?,"Rock C., Thom K.A., Harris A.D., Li S., Morgan D., Milstone A.M., Caffo B., Joshi M., Leekha S.",0899823X,Infection Control and Hospital Epidemiology,37,2,0,0,0,0,0,0,0,0,0,0,0,1,6,2,3,2,5,19,0,19
2016,Erratum: A Multicenter Longitudinal Study of Hospital-Onset Bacteremia: Time for a New Quality Outcome Measure? (Infection Control and Hospital Epidemiology 2015) doi:10.1017/ice.2015.261,"Rock C., Thomas K.A., Harris A.D., Li S., Morgan D., Milstone A.M., Caffo B., Joshi M., Leekha S.",0899823X,Infection Control and Hospital Epidemiology,37,2,0,0,0,0,0,0,0,0,0,0,0,0,0,0,0,0,1,1,0,1
2016,Editorial: Recent advances and challenges on Big Data analysis in neuroimaging,"Kang J., Caffo B., Liu H.",16624548,Frontiers in Neuroscience,10,,0,0,0,0,0,0,0,0,0,0,0,0,0,3,1,1,0,5,0,5
2016,A parcellation based nonparametric algorithm for independent component analysis with application to fMRI data,"Li S., Chen S., Yue C., Caffo B.",16624548,Frontiers in Neuroscience,10,,0,0,0,0,0,0,0,0,0,0,0,0,0,1,0,0,0,1,0,1
2015,Neural Correlates of Visuomotor Learning in Autism,"Sharer E., Crocetti D., Muschelli J., Barber A.D., Nebel M.B., Caffo B., Pekar J., Mostofsky S.",8830738,Journal of Child Neurology,30,14,0,0,0,0,0,0,0,0,0,0,0,3,0,6,2,4,3,18,0,18
2015,"A Phase 1 Randomized, Blinded Comparison of the Pharmacokinetics and Colonic Distribution of Three Candidate Rectal Microbicide Formulations of Tenofovir 1% Gel with Simulated Unprotected Sex (CHARM-02)","Hiruy H., Fuchs E.J., Marzinke M.A., Bakshi R.P., Breakey J.C., Aung W.S., Manohar M., Yue C., Caffo B., Du Y., Abebe K.Z., Spiegel H.M.L., Rohan L., McGowan I., Hendrix C.",8892229,AIDS Research and Human Retroviruses,31,11,0,0,0,0,0,0,0,0,0,0,0,2,6,4,0,1,2,15,0,15
2015,"Simultaneous Evaluation of Safety, Acceptability, Pericoital Kinetics, and Ex Vivo Pharmacodynamics Comparing Four Rectal Microbicide Vehicle Candidates","Leyva F., Fuchs E.J., Bakshi R., Carballo-Dieguez A., Ventuneac A., Yue C., Caffo B., Du Y., Torbenson M., Li L., Mullin G., Lee L., Rohan L., Anton P.A., Hendrix C.",8892229,AIDS Research and Human Retroviruses,31,11,0,0,0,0,0,0,0,0,0,0,1,1,1,1,1,1,1,7,0,7
2015,Reproducibility and temporal structure in weekly resting-state fMRI over a period of 3.5 years,"Choe A.S., Jones C.K., Joel S., Muschelli J., Belegu V., Caffo B., Lindquist M., Van Zijl P., Pekar J.",19326203,PLoS ONE,10,10,0,0,0,0,0,0,0,0,0,0,1,7,15,8,7,11,16,65,1,66
2015,Association of cortical lesion burden on 7-T magnetic resonance imaging with cognition and disability in multiple sclerosis,"Harrison D.M., Roy S., Oh J., Izbudak I., Pham D., Courtney S., Caffo B., Jones C.K., Van Zijl P., Calabresi P.A.",21686149,JAMA Neurology,72,9,0,0,0,0,0,0,0,0,0,0,3,12,16,19,12,16,23,101,0,101
2015,Estimating a graphical intra-class correlation coefficient (GICC) using multivariate probit-linear mixed models,"Yue C., Chen S., Sair H.I., Airan R., Caffo B.",1679473,Computational Statistics and Data Analysis,89,,0,0,0,0,0,0,0,0,0,0,0,0,0,0,0,0,1,1,0,1
2015,Improving reliability of subject-level resting-state fMRI parcellation with shrinkage estimators,"Mejia A., Nebel M.B., Shou H., Crainiceanu C., Pekar J., Mostofsky S., Caffo B., Lindquist M.",10538119,NeuroImage,112,,0,0,0,0,0,0,0,0,0,0,0,3,4,2,7,3,6,25,0,25
2015,Evaluating model misspecification in independent component analysis,"Lee S., Caffo B., Lakshmanan B., Pham D.",949655,Journal of Statistical Computation and Simulation,85,6,0,0,0,0,0,0,0,0,0,0,0,0,0,0,0,0,0,0,0,0
2015,Resting brain activity in disorders of consciousness: A systematic review and meta-analysis,"Hannawi Y., Lindquist M., Caffo B., Sair H.I., Stevens R.D.",283878,Neurology,84,12,0,0,0,0,0,0,0,0,0,0,2,21,13,11,11,13,11,82,0,82
2015,Evidence for Specificity of Motor Impairments in Catching and Balance in Children with Autism,"Ament K., Mejia A., Buhlman R., Erklin S., Caffo B., Mostofsky S., Wodka E.",1623257,Journal of Autism and Developmental Disorders,45,3,0,0,0,0,0,0,0,0,0,0,4,8,6,15,10,19,24,86,0,86
2015,Neuroinflammation and brain atrophy in former NFL players: An in vivo multimodal imaging pilot study,"Coughhlin J., Wang Y., Munro C.A., Ma S., Yue C., Chen S., Airan R., Kim P.K., Adams A.V., Garcia C., Higgs C., Sair H.I., Sawa A., Smith G., Lyketsos C.G., Caffo B., Kassiou M., Guilarte T.R., Pomper M.G.",9699961,Neurobiology of Disease,74,,0,0,0,0,0,0,0,0,0,0,10,17,26,21,17,23,23,137,2,139
2015,A Dynamic Directional Model for Effective Brain Connectivity Using Electrocorticographic (ECoG) Time Series,"Zhang T., Wu J., Li F., Caffo B., Boatman-Reich D.",1621459,Journal of the American Statistical Association,110,509,0,0,0,0,0,0,0,0,0,0,2,0,1,1,5,5,5,19,0,19
2015,Robust estimation of transition matrices in high dimensional heavy-tailed vector autoregressive processes,"Qiu H., Xu S., Han F., Liu H., Caffo B.",,"32nd International Conference on Machine Learning, ICML 2015",3,,0,0,0,0,0,0,0,0,0,0,0,1,1,1,4,3,2,12,0,12
2015,Robust portfolio optimization,"Qiu H., Han F., Liu H., Caffo B.",10495258,Advances in Neural Information Processing Systems,2015-,,0,0,0,0,0,0,0,0,0,0,0,2,2,2,1,0,2,9,0,9
2015,Motor overflow in children with attention-deficit/hyperactivity disorder is associated with decreased extent of neural activation in the motor cortex,"Gaddis A., Rosch K.S., Dirlikov B., Crocetti D., MacNeil L., Barber A.D., Muschelli J., Caffo B., Pekar J., Mostofsky S.",9254927,Psychiatry Research - Neuroimaging,233,3,0,0,0,0,0,0,0,0,0,0,0,2,5,5,5,1,5,23,1,24
2015,Fluoxetine maintains a state of heightened responsiveness to motor training early after stroke in a mouse model,"Ng K.L., Gibson E.M., Hubbard R., Yang J., Caffo B., O'Brien R.J., Krakauer J.W., Zeiler S.R.",392499,Stroke,46,10,0,0,0,0,0,0,0,0,0,0,2,9,9,6,10,9,11,56,0,56
2015,Objective evaluation of reconstruction methods for quantitative SPECT imaging in the absence of ground truth,"Jha A.K., Song N., Caffo B., Frey E.",16057422,Progress in Biomedical Optics and Imaging - Proceedings of SPIE,9416,,0,0,0,0,0,0,0,0,0,0,0,0,2,0,1,0,0,3,0,3
2015,On tests of activation map dimensionality for fMRI-based studies of learning,"Yang J., Shmuelof L., Xiao L., Krakauer J.W., Caffo B.",16624548,Frontiers in Neuroscience,9,,0,0,0,0,0,0,0,0,0,0,0,0,0,0,0,0,0,0,0,0
2015,Connectivity supporting attention in children with attention deficit hyperactivity disorder,"Barber A.D., Jacobson L.A., Wexler J.L., Nebel M.B., Caffo B., Pekar J., Mostofsky S.",22131582,NeuroImage: Clinical,7,,0,0,0,0,0,0,0,0,0,0,1,6,4,5,8,7,10,41,1,42
2014,Longitudinal high-dimensional principal components analysis with application to diffusion tensor imaging of multiple sclerosis,"Zipunnikov V., Greven S., Shou H., Caffo B., Reich D., Crainiceanu C.",19326157,Annals of Applied Statistics,8,4,0,0,0,0,0,0,0,0,0,1,3,2,2,1,5,3,1,18,0,18
2014,Shrinkage prediction of seed-voxel brain connectivity using resting state fMRI,"Shou H., Eloyan A., Nebel M.B., Mejia A., Pekar J., Mostofsky S., Caffo B., Lindquist M., Crainiceanu C.",10538119,NeuroImage,102,2,0,0,0,0,0,0,0,0,0,0,2,2,5,3,5,1,3,21,0,21
2014,Evaluating dynamic bivariate correlations in resting-state fMRI: A comparison study and a new approach,"Lindquist M., Xu Y., Nebel M.B., Caffo B.",10538119,NeuroImage,101,,0,0,0,0,0,0,0,0,0,1,9,17,30,41,37,30,28,193,2,195
2014,The neural correlates of learned motor acuity,"Shmuelof L., Yang J., Caffo B., Mazzoni P., Krakauer J.W.",223077,Journal of Neurophysiology,112,4,0,0,0,0,0,0,0,0,0,0,2,3,2,5,4,5,7,28,0,28
2014,Reduction of motion-related artifacts in resting state fMRI using aCompCor,"Muschelli J., Nebel M.B., Caffo B., Barber A.D., Pekar J., Mostofsky S.",10538119,NeuroImage,96,,0,0,0,0,0,0,0,0,0,1,10,15,24,17,37,37,44,185,3,188
2014,Variations in EEG discharges predict ADHD severity within individual Smith-Lemli-Opitz patients,"Schreiber J.M., Lanham D.C., Trescher W.H., Sparks S.E., Wassif C.A., Caffo B., Porter F.D., Tierney E., Gropman A.L., Ewen J.B.",283878,Neurology,83,2,0,0,0,0,0,0,0,0,0,1,3,2,0,1,0,0,2,9,0,9
2014,Analytic programming with fMRI data: A quick-start guide for statisticians using R,"Eloyan A., Li S., Muschelli J., Pekar J., Mostofsky S., Caffo B.",19326203,PLoS ONE,9,2,0,0,0,0,0,0,0,0,0,1,0,1,0,0,0,2,0,4,0,4
2014,Successful implementation of a unit-based quality nurse to reduce central line-associated bloodstream infections,"Thom K.A., Li S., Custer M., Preas M.A., Rew C.D., Cafeo C., Leekha S., Caffo B., Scalea T.M., Lissauer M.E.",1966553,American Journal of Infection Control,42,2,0,0,0,0,0,0,0,0,0,1,0,2,1,4,4,0,0,12,0,12
2014,Disruption of functional organization within the primary motor cortex in children with autism,"Nebel M.B., Joel S., Muschelli J., Barber A.D., Caffo B., Pekar J., Mostofsky S.",10659471,Human Brain Mapping,35,2,0,0,0,0,0,0,0,1,2,7,14,13,16,19,14,10,8,104,0,104
2014,Spatial Bayesian variable selection models on functional magnetic resonance imaging time-series data,"Lee K.-J., Jones G.L., Caffo B., Bassett S.S.",19360975,Bayesian Analysis,9,3,0,0,0,0,0,0,0,0,0,0,3,5,5,3,3,1,2,22,0,22
2014,A unifying framework for marginalised random-intercept models of correlated binary outcomes,"Swihart B.J., Caffo B., Crainiceanu C.",3067734,International Statistical Review,82,2,0,0,0,0,0,0,0,0,0,0,0,1,0,0,1,0,2,4,0,4
2014,Regional brain distribution of translocator protein using [ 11C]DPA-713 PET in individuals infected with HIV,"Coughhlin J., Wang Y., Ma S., Yue C., Kim P.K., Adams A.V., Roosa H.V., Gage K.L., Stathis M., Rais R., Rojas C., McGlothan J.L., Watkins C.C., Sacktor N., Guilarte T.R., Zhou Y., Sawa A., Slusher B.S., Caffo B., Kassiou M., Endres C.J., Pomper M.G.",13550284,Journal of NeuroVirology,20,3,0,0,0,0,0,0,0,0,0,1,7,5,9,12,8,10,10,62,0,62
2014,Moneybarl: Exploiting pitcher decision-making using reinforcement learning,"Sidhu G., Caffo B.",19326157,Annals of Applied Statistics,8,2,0,0,0,0,0,0,0,0,0,1,0,0,2,2,0,0,1,6,0,6
2014,An evaluation of independent component analyses with an application to resting-state fMRI,"Risk B.B., Matteson D.S., Ruppert D., Eloyan A., Caffo B.",0006341X,Biometrics,70,1,0,0,0,0,0,0,0,0,0,0,3,2,2,2,3,2,2,16,0,16
2014,Cross-sectional and longitudinal association of body mass index and brain volume,"Bobb J., Schwartz B., Davatzikos C., Caffo B.",10659471,Human Brain Mapping,35,1,0,0,0,0,0,0,0,0,0,2,6,10,6,11,8,6,13,62,0,62
2013,Practical marginalized multilevel models,"Griswold M., Swihart B.J., Caffo B., Zeger S.",20491573,Stat,2,1,0,0,0,0,0,0,0,0,0,1,0,4,1,3,2,0,2,13,1,14
2013,Practical recommendations for population PK studies with sampling time errors,"Choi L., Crainiceanu C., Caffo B.",316970,European Journal of Clinical Pharmacology,69,12,0,0,0,0,0,0,0,0,0,0,0,0,0,0,1,3,2,6,0,6
2013,Quantifying the reliability of image replication studies: The image intraclass correlation coefficient (I2C2),"Shou H., Eloyan A., Lee S., Zipunnikov V., Crainiceanu A.N., Nebel M.B., Caffo B., Lindquist M., Crainiceanu C.",15307026,"Cognitive, Affective and Behavioral Neuroscience",13,4,0,0,0,0,0,0,0,0,0,2,6,4,4,6,10,7,13,52,1,53
2013,"Isoosmolar Enemas Demonstrate Preferential Gastrointestinal Distribution, Safety, and Acceptability Compared with Hyperosmolar and Hypoosmolar Enemas as a Potential Delivery Vehicle for Rectal Microbicides","Leyva F.J., Bakshi R.P., Fuchs E.J., Li L., Caffo B., Goldsmith J., Ventuneac A., Carballo-Dieguez A., Du Y., Leal J.P., Lee L., Torbenson M.S., Hendrix C.",8892229,AIDS Research and Human Retroviruses,29,11,0,0,0,0,0,0,0,0,0,4,6,3,3,5,4,6,5,36,0,36
2013,"Ironing out the statistical wrinkles in ""ten ironic rules""","Lindquist M., Caffo B., Crainiceanu C.",10538119,NeuroImage,81,,0,0,0,0,0,0,0,0,4,5,1,7,3,4,6,2,5,37,0,37
2013,Information criteria for dynamic contrast-enhanced magnetic resonance imaging,"Shinohara R.T., Crainiceanu C., Caffo B., Reich D.",,"Proceedings - 2013 3rd International Workshop on Pattern Recognition in Neuroimaging, PRNI 2013",,,0,0,0,0,0,0,0,0,0,0,0,0,0,0,0,0,0,0,0,0
2013,Clustering of high dimensional longitudinal imaging data,"Lee S., Zipunnikov V., Shiee N., Crainiceanu C., Caffo B., Pham D.",,"Proceedings - 2013 3rd International Workshop on Pattern Recognition in Neuroimaging, PRNI 2013",,,0,0,0,0,0,0,0,0,0,0,0,0,0,0,1,0,0,1,0,1
2013,Comparison of total hospital-acquired bloodstream infections to central line-associated bloodstream infections and implications for outcome measures in infection control,"Leekha S., Li S., Thom K.A., Anne Preas M., Caffo B., Morgan D., Harris A.D.",0899823X,Infection Control and Hospital Epidemiology,34,9,0,0,0,0,0,0,0,0,0,0,0,1,2,1,1,1,1,7,0,7
2013,Combining hidden Markov models for comparing the dynamics of multiple sleep electroencephalograms,"Langrock R., Swihart B.J., Caffo B., Punjabi N.M., Crainiceanu C.",2776715,Statistics in Medicine,32,19,0,0,0,0,0,0,0,0,0,1,4,1,2,3,4,1,6,22,0,22
2013,Likelihood-based population independent component analysis,"Eloyan A., Crainiceanu C., Caffo B.",14654644,Biostatistics,14,3,0,0,0,0,0,0,0,0,0,1,0,3,3,1,0,0,0,8,0,8
2013,"Correction to ""Easy Multiplicity Control in Equivalence Testing Using Two One-Sided Tests""","Caffo B., Lauzon C., Rohmel J.",31305,American Statistician,67,2,0,0,0,0,0,0,0,0,0,0,0,1,0,1,0,1,1,4,0,4
2013,Axial 3D gradient-echo imaging for improved multiple sclerosis lesion detection in the cervical spinal cord at 3T,"Ozturk A., Aygun N., Smith S.A., Caffo B., Calabresi P.A., Reich D.",283940,Neuroradiology,55,4,0,0,0,0,0,0,0,0,0,2,6,5,1,4,4,2,4,28,0,28
2013,Assessment of bias in experimentally measured diffusion tensor imaging parameters using SIMEX,"Lauzon C., Crainiceanu C., Caffo B.C., Landman B.A.",7403194,Magnetic Resonance in Medicine,69,3,0,0,0,0,0,0,0,0,2,0,0,2,0,2,2,1,1,10,0,10
2013,Multilevel functional data analysis,"Crainiceanu C., Caffo B., Morris J.S.",,The SAGE Handbook of Multilevel Modeling,,,0,0,0,0,0,0,0,0,0,0,0,1,0,0,0,0,0,1,0,1
2013,A Decision-Theory Approach to Interpretable Set Analysis for High-Dimensional Data,"Boca S.M., Bravo H.C., Caffo B., Leek J.T., Parmigiani G.",0006341X,Biometrics,69,3,0,0,0,0,0,0,0,0,0,0,0,1,1,1,1,0,0,4,0,4
2013,Effects of working memory demand on neural mechanisms of motor response selection and control,"Barber A.D., Caffo B., Pekar J., Mostofsky S.",0898929X,Journal of Cognitive Neuroscience,25,8,0,0,0,0,0,0,0,0,0,1,8,5,5,8,3,3,3,36,0,36
2013,Reliability of early cortical auditory gamma-band responses,"Cervenka M.C., Franaszczuk P.J., Crone N.E., Hong B., Caffo B., Bhatt P., Lenz F.A., Boatman-Reich D.",13882457,Clinical Neurophysiology,124,1,0,0,0,0,0,0,0,0,3,1,3,1,2,0,0,4,3,17,0,17
2013,Developmental changes in within- and between-network connectivity between late childhood and adulthood,"Barber A.D., Caffo B., Pekar J., Mostofsky S.",283932,Neuropsychologia,51,1,0,0,0,0,0,0,1,0,3,8,12,14,11,12,9,7,10,87,0,87
2012,Movelets: A dictionary of movement,"Bai J., Goldsmith J., Caffo B., Glass T.A., Crainiceanu C.",19357524,Electronic Journal of Statistics,6,,0,0,0,0,0,0,0,0,0,2,2,3,3,3,5,2,1,21,0,21
2012,Myocardial structural associations with local electrograms: A study of postinfarct ventricular tachycardia pathophysiology and magnetic resonance-based noninvasive mapping,"Sasaki T., Miller C.F., Hansford R., Yang J., Caffo B., Zviman M.M., Henrikson C.A., Marine J.E., Spragg D., Cheng A., Tandri H., Sinha S., Kolandaivelu A., Zimmerman S.L., Bluemke D.A., Tomaselli G.F., Berger R.D., Calkins H., Halperin H.R., Nazarian S.",19413149,Circulation: Arrhythmia and Electrophysiology,5,6,0,0,0,0,0,0,0,0,5,9,5,5,9,10,8,3,3,57,0,57
2012,Total white matter hyperintensity volume in bipolar disorder patients and their healthy relatives,"Tighe S.K., Reading S.A., Rivkin P., Caffo B., Schweizer B., Pearlson G., Potash J.B., Depaulo J.R., Bassett S.S.",13985647,Bipolar Disorders,14,8,0,0,0,0,0,0,0,0,3,4,2,2,3,5,3,2,0,24,0,24
2012,Quantification of the spatial distribution of rectally applied surrogates for microbicide and semen in colon with SPECT and magnetic resonance imaging,"Cao Y.J., Caffo B., Fuchs E.J., Lee L., Du Y., Li L., Bakshi R.P., Macura K., Khan W.A., Wahl R., Grohskopf L.A., Hendrix C.",3065251,British Journal of Clinical Pharmacology,74,6,0,0,0,0,0,0,0,3,2,4,4,1,4,1,0,1,0,20,0,20
2012,Analysis of Group ICA-Based Connectivity Measures from fMRI: Application to Alzheimer's Disease,"Li S., Eloyan A., Joel S., Mostofsky S., Pekar J., Bassett S.S., Caffo B.",19326203,PLoS ONE,7,11,0,0,0,0,0,0,0,0,1,1,3,0,0,2,1,0,2,10,0,10
2012,A computational neurodegenerative disease progression score: Method and results with the Alzheimer's disease neuroimaging initiative cohort,"Jedynak B.M., Lang A., Liu B., Katz E., Zhang Y., Wyman B.T., Raunig D., Jedynak C.P., Caffo B., Prince J.L.",10538119,NeuroImage,63,3,0,0,0,0,0,0,0,1,4,7,19,11,15,14,24,16,16,127,3,130
2012,Association of social engagement with brain volumes assessed by structural MRI,"James B.D., Glass T.A., Caffo B., Bobb J.F., Davatzikos C., Yousem D., Schwartz B.",20902204,Journal of Aging Research,2012,,0,0,0,0,0,0,0,0,0,2,1,3,1,2,3,1,6,19,0,19
2012,Biological parametric mapping accounting for random regressors with regression calibration and model II regression,"Yang X., Lauzon C., Crainiceanu C., Caffo B., Resnick S., Landman B.A.",10538119,NeuroImage,62,3,0,0,0,0,0,0,0,1,1,0,1,0,0,0,0,0,0,3,0,3
2012,Automated diagnoses of attention deficit hyperactive disorder using magnetic resonance imaging,"Eloyan A., Muschelli J., Nebel M.B., Liu H., Han F., Zhao T., Barber A.D., Joel S., Pekar J., Mostofsky S., Caffo B.",16625137,Frontiers in Systems Neuroscience,,2012,0,0,0,0,0,0,0,2,3,15,6,2,0,0,2,0,0,30,0,30
2012,Automated diagnoses of attention deficit hyperactive disorder using magnetic resonance imaging,"Eloyan A., Muschelli J., Nebel M.B., Liu H., Han F., Zhao T., Barber A., Joel S., Pekar J., Mostofsky S., Caffo B.",16625137,Frontiers in Systems Neuroscience,,2012,0,0,0,0,0,0,0,0,0,1,4,3,8,13,8,10,2,49,0,49
2012,Comparison of swab and sponge methodologies for identification of Acinetobacter baumannii from the hospital environment,"Thom K.A., Howard T., Sembajwe S., Harris A.D., Strassle P., Caffo B., Carroll K.C., Johnson J.K.",951137,Journal of Clinical Microbiology,50,6,0,0,0,0,0,0,0,0,1,1,2,2,2,2,1,1,1,13,0,13
2012,Towards automatic quantitative quality control for MRI,"Lauzon C., Caffo B.C., Landman B.A.",16057422,Progress in Biomedical Optics and Imaging - Proceedings of SPIE,8314,,0,0,0,0,0,0,0,0,0,2,0,0,0,1,0,1,0,4,0,4
2012,Pulse pileup statistics for energy sensitive photon counting detectors with pulse height analysis,"Taguchi K., Srivastava S., Tang Q., Caffo B., Iwanczyk J.S., Hartsough N.E., Barber W.C., Cammin J.",16057422,Progress in Biomedical Optics and Imaging - Proceedings of SPIE,8313,,0,0,0,0,0,0,0,0,1,0,0,2,0,0,0,0,1,4,0,4
2012,Revisiting brain atrophy and its relationship to disability in multiple sclerosis,"Shiee N., Bazin P.-L., Zackowski K.M., Farrell S.K., Harrison D.M., Newsome S.D., Ratchford J.N., Caffo B., Calabresi P.A., Pham D., Reich D.",19326203,PLoS ONE,7,5,0,0,0,0,0,0,0,3,11,15,13,9,10,7,7,2,6,83,0,83
2012,Reply,"Krauss G.L., Caffo B.",3645134,Annals of Neurology,71,5,0,0,0,0,0,0,0,0,0,0,0,0,0,0,0,0,0,0,0,0
2012,Longitudinal penalized functional regression for cognitive outcomes on neuronal tract measurements,"Goldsmith J., Crainiceanu C., Caffo B., Reich D.",359254,Journal of the Royal Statistical Society. Series C: Applied Statistics,61,3,0,0,0,0,0,0,0,1,5,3,4,7,7,3,8,14,12,64,0,64
2012,Mixed effect Poisson log-linear models for clinical and epidemiological sleep hypnogram data,"Swihart B.J., Caffo B., Crainiceanu C., Punjabi N.M.",2776715,Statistics in Medicine,31,9,0,0,0,0,0,0,0,0,0,0,3,1,0,0,0,0,0,4,0,4
2012,Computerised lung sound analysis to improve the specificity of paediatric pneumonia diagnosis in resource-poor settings: Protocol and methods for an observational study,"Ellington L.E., Gilman R.H., Tielsch J.M., Steinhoff M., Figueroa D., Rodriguez S., Caffo B., Tracey B., Elhilali M., West J., Checkley W.",20446055,BMJ Open,2,1,0,0,0,0,0,0,0,1,2,2,4,2,3,3,3,4,3,27,0,27
2012,Distribution of cell-free and cell-associated HIV surrogates in the female genital tract after simulated vaginal intercourse,"Louissaint N.A., Fuchs E.J., Bakshi R.P., Nimmagadda S., Du Y., MacUra K.J., King K.E., Wahl R., Goldsmith J., Caffo B., Cao Y.J., Anderson J., Hendrix C.",221899,Journal of Infectious Diseases,205,5,0,0,0,0,0,0,0,3,4,5,4,2,2,2,1,1,2,26,0,26
2012,Reply,"Krauss G.L., Caffo B., Hendrix C.",3645134,Annals of Neurology,71,2,0,0,0,0,0,0,0,0,0,0,0,0,0,0,0,0,0,0,0,0
2012,Sleep-disordered breathing and caffeine consumption: Results of a community-based study,"Aurora R.N., Crainiceanu C., Caffo B., Punjabi N.M.",123692,Chest,142,3,0,0,0,0,0,0,0,0,2,2,3,2,0,0,3,0,0,12,0,12
2012,"Motor ""dexterity"": Evidence that left hemisphere lateralization of motor circuit connectivity is associated with better motor performance in children","Barber A.D., Srinivasan P., Joel S., Caffo B., Pekar J., Mostofsky S.",10473211,Cerebral Cortex,22,1,0,0,0,0,0,0,0,1,5,6,4,11,3,5,3,3,5,46,0,46
2012,Distribution of cell-free and cell-associated HIV surrogates in the colon after simulated receptive anal intercourse in men who have sex with men,"Louissaint N.A., Nimmagadda S., Fuchs E.J., Bakshi R.P., Cao Y.J.., Lee L., Goldsmith J., Caffo B., Du Y., King K.E., Menendez F.A., Torbenson M.S., Hendrix C.",15254135,Journal of Acquired Immune Deficiency Syndromes,59,1,0,0,0,0,0,0,0,5,5,5,2,2,2,2,1,3,2,29,0,29
2011,Genetic risk factors for longitudinal changes in structural MRI in former organolead workers,"James B.D., Caffo B., Stewart W., Yousem D., Davatzikos C., Schwartz B.",20902204,Journal of Aging Research,2011,,0,0,0,0,0,0,0,0,0,0,0,0,0,0,0,1,0,1,0,1
2011,Multilevel functional principal component analysis for high-dimensional data,"Zipunnikov V., Caffo B., Yousem D., Davatzikos C., Schwartz B., Crainiceanu C.",10618600,Journal of Computational and Graphical Statistics,20,4,0,0,0,0,0,0,0,1,3,3,6,4,6,2,4,5,4,38,0,38
2011,Penalized functional regression,"Goldsmith J., Bobb J., Crainiceanu C., Caffo B., Reich D.",10618600,Journal of Computational and Graphical Statistics,20,4,0,0,0,0,0,0,2,4,7,14,15,20,16,11,12,15,19,135,3,138
2011,Correlating subjective and objective sleepiness: Revisiting the association using survival analysis,"Aurora R.N., Caffo B., Crainiceanu C., Punjabi N.M.",1618105,Sleep,34,12,0,0,0,0,0,0,0,1,5,4,2,4,3,3,2,6,8,38,0,38
2011,MELD exceptions and rates of waiting list outcomes,"Massie A.B., Caffo B., Gentry S.E., Hall E.C., Axelrod D.A., Lentine K.L., Schnitzler M.A., Gheorghian A., Salvalaggio P.R., Segev D.L.",16006135,American Journal of Transplantation,11,11,0,0,0,0,0,0,1,4,14,16,24,13,21,20,14,13,9,149,0,149
2011,Rejoinder,"Crainiceanu C., Caffo B., Luo S., Zipunnikov V., Punjabi N.M.",1621459,Journal of the American Statistical Association,106,495,0,0,0,0,0,0,0,0,0,0,0,0,0,0,0,0,0,0,0,0
2011,"Population value decomposition, a framework for the analysis of image populations","Crainiceanu C., Caffo B., Luo S., Zipunnikov V., Punjabi N.M.",1621459,Journal of the American Statistical Association,106,495,0,0,0,0,0,0,2,0,3,3,2,6,2,5,6,4,3,36,0,36
2011,Assessment of bias for MRI diffusion tensor imaging using SIMEX,"Lauzon C., Asman A.J., Crainiceanu C., Caffo B.C., Landman B.A.",3029743,Lecture Notes in Computer Science (including subseries Lecture Notes in Artificial Intelligence and Lecture Notes in Bioinformatics),6892,2,0,0,0,0,0,0,0,1,0,0,0,1,0,1,1,0,0,4,0,4
2011,Accounting for random regressors: A unified approach to multi-modality imaging,"Yang X., Lauzon C., Crainiceanu C., Caffo B., Resnick S., Landman B.A.",3029743,Lecture Notes in Computer Science (including subseries Lecture Notes in Artificial Intelligence and Lecture Notes in Bioinformatics),7012,,0,0,0,0,0,0,0,0,0,0,0,0,0,0,0,0,0,0,0,0
2011,A Bayesian hierarchical nonlinear mixture model in the presence of artifactual outliers in a population pharmacokinetic study,"Choi L., Caffo B., Kohli U., Pandharipande P., Kurnik D., Ely E.W., Stein C.M.",1567567X,Journal of Pharmacokinetics and Pharmacodynamics,38,5,0,0,0,0,0,0,0,1,1,1,1,2,0,1,1,0,0,8,0,8
2011,Functional principal component model for high-dimensional brain imaging,"Zipunnikov V., Caffo B., Yousem D., Davatzikos C., Schwartz B., Crainiceanu C.",10538119,NeuroImage,58,3,0,0,0,0,0,0,1,2,1,5,5,5,3,5,2,4,3,36,0,36
2011,Population-wide principal component-based quantification of blood-brain-barrier dynamics in multiple sclerosis,"Shinohara R.T., Crainiceanu C., Caffo B., Gaitan M.I., Reich D.",10538119,NeuroImage,57,4,0,0,0,0,0,0,0,1,4,4,2,6,0,3,3,4,5,32,0,32
2011,Assessing bioequivalence of generic antiepilepsy drugs,"Krauss G.L., Caffo B., Chang Y.-T., Hendrix C., Chuang K.",3645134,Annals of Neurology,70,2,0,0,0,0,0,0,2,13,15,5,7,11,5,4,4,0,3,69,0,69
2011,Minimal detection bias in the inverse association between statin drug use and advanced prostate cancer risk: A simulation study,"Mondul A.M., Caffo B., Platz E.A.",18777821,Cancer Epidemiology,35,4,0,0,0,0,0,0,0,1,1,1,2,3,1,1,0,0,0,10,0,10
2011,Penalized functional regression analysis of white-matter tract profiles in multiple sclerosis,"Goldsmith J., Crainiceanu C., Caffo B., Reich D.",10538119,NeuroImage,57,2,0,0,0,0,0,0,0,2,7,6,0,3,1,1,3,3,1,27,0,27
2011,An MCMC-based analysis of a multilevel model for functional MRI data,"Caffo B., Bowman F.D., Eberly L., Bassett S.S.",,Handbook of Markov Chain Monte Carlo,,,0,0,0,0,0,0,0,0,0,0,0,0,0,0,0,0,0,0,0,0
2011,Parallel Bayesian MCMC imputation for multiple distributed lag models: A case study in environmental epidemiology,"Caffo B., Peng R., Dominici F., Louis T.A., Zeger S.",,Handbook of Markov Chain Monte Carlo,,,0,0,0,0,0,0,0,1,0,2,0,0,1,0,1,1,0,6,0,6
2011,Nonlinear tube-fitting for the analysis of anatomical and functional structures,"Goldsmith J., Caffo B., Crainiceanu C., Reich D., Du Y., Hendrix C.",19326157,Annals of Applied Statistics,5,1,0,0,0,0,0,0,0,1,1,0,2,1,1,2,0,0,1,9,0,9
2011,Comparison of proportions for composite endpoints with missing components,"Li X., Caffo B.",10543406,Journal of Biopharmaceutical Statistics,21,2,0,0,0,0,0,0,0,0,0,0,0,0,0,1,0,0,1,2,0,2
2011,Clinical predictors of conduction disease progression in type I myotonic muscular dystrophy,"Nazarian S., Wagner K.R., Caffo B., Tomaselli G.F.",1478389,PACE - Pacing and Clinical Electrophysiology,34,2,0,0,0,0,0,0,0,5,1,3,2,1,2,6,0,2,4,26,0,26
2011,Longitudinal changes in diffusion tensor-based quantitative MRI in multiple sclerosis,"Harrison D.M., Caffo B., Shiee N., Farrell J.A.D., Bazin P.-L., Farrell S.K., Ratchford J.N., Calabresi P.A., Reich D.",283878,Neurology,76,2,0,0,0,0,0,0,5,4,9,7,5,5,10,7,6,0,3,61,0,61
2011,A prospective evaluation of a protocol for magnetic resonance imaging of patients with implanted cardiac devices,"Nazarian S., Hansford R., Roguin A., Goldsher D., Zviman M.M., Lardo A.C., Caffo B., Frick K.D., Kraut M.A., Kamel I.R., Calkins H., Berger R.D., Bluemke D.A., Halperin H.R.",34819,Annals of Internal Medicine,155,7,0,0,0,0,0,0,1,16,26,26,31,21,37,23,20,12,17,230,0,230
2011,On the relationship between seed-based and ICA-based measures of functional connectivity,"Joel S., Caffo B., Van Zijl P., Pekar J.",7403194,Magnetic Resonance in Medicine,66,3,0,0,0,0,0,0,1,9,15,15,11,20,15,11,17,12,14,140,2,142
2010,Quantifying auditory event-related responses in multichannel human intracranial recordings,"Boatman-Reich D., Franaszczuk P.J., Korzeniewska A., Caffo B., Ritzl E.K., Colwell S., Crone N.E.",16625188,Frontiers in Computational Neuroscience,4,,0,0,0,0,0,0,9,2,6,2,4,1,3,4,0,0,0,31,0,31
2010,Utility of sleep stage transitions in assessing sleep continuity,"Laffan A., Caffo B., Swihart B.J., Punjabi N.M.",1618105,Sleep,33,12,0,0,0,0,0,0,2,4,2,3,3,0,9,5,6,5,4,43,0,43
2010,A novel approach to prediction of mild obstructive sleep disordered breathing in a population-based sample: The sleep heart health study,"Caffo B., Diener-West M., Punjabi N.M., Samet J.",1618105,Sleep,33,12,0,0,0,0,0,0,0,1,0,3,2,2,3,5,3,2,7,28,0,28
2010,Lasagna plots: A saucy alternative to spaghetti plots,"Swihart B.J., Caffo B., James B.D., Strand M., Schwartz B., Punjabi N.M.",10443983,Epidemiology,21,5,0,0,0,0,0,0,5,3,6,4,9,5,5,6,5,6,6,60,0,60
2010,Redefining CpG islands using hidden Markov models,"Wu H., Caffo B., Jaffee H.A., Irizarry R.A., Feinberg A.P.",14654644,Biostatistics,11,3,0,0,0,0,0,2,4,8,15,11,12,15,14,10,9,5,7,112,2,114
2010,Two-stage decompositions for the analysis of functional connectivity for fMRI with application to Alzheimer's disease risk,"Caffo B., Crainiceanu C., Verduzco G., Joel S., Mostofsky S., Bassett S.S., Pekar J.",10538119,NeuroImage,51,3,0,0,0,0,0,0,3,1,2,4,1,0,2,4,4,2,2,25,0,25
2010,Perioperative mortality and long-term survival following live kidney donation,"Segev D.L., Muzaale A.D., Caffo B., Mehta S.H., Singer A.L., Taranto S.E., McBride M.A., Montgomery R.A.",987484,JAMA - Journal of the American Medical Association,303,10,0,0,0,0,0,23,35,54,59,58,46,54,41,47,42,36,23,518,0,518
2010,MRI of the corpus callosum in multiple sclerosis: Association with disability,"Ozturk A., Smith S.A., Gordon-Lipkin E.M., Harrison D.M., Shiee N., Pham D., Caffo B., Calabresi P.A., Reich D.",13524585,Multiple Sclerosis,16,2,0,0,0,0,0,4,11,16,13,11,6,9,8,11,10,8,5,112,0,112
2010,Longitudinal functional principal component analysis,"Greven S., Crainiceanu C., Caffo B., Reich D.",19357524,Electronic Journal of Statistics,4,,0,0,0,0,0,1,7,9,8,6,12,8,11,6,9,8,10,95,1,96
2010,QRS prolongation in myotonic muscular dystrophy and diffuse fibrosis on cardiac magnetic resonance,"Nazarian S., Bluemke D.A., Wagner K.R., Zviman M.M., Turkbey E., Caffo B., Shehata M., Edwards D., Butcher B., Calkins H., Berger R.D., Halperin H.R., Tomaselli G.F.",7403194,Magnetic Resonance in Medicine,64,1,0,0,0,0,0,0,0,1,2,2,1,1,1,1,1,1,3,14,0,14
2010,Evaluation of cumulative lead dose and longitudinal changes in structural magnetic resonance imaging in former organolead workers,"Schwartz B., Caffo B., Stewart W., Hedlin H., James B.D., Yousem D., Davatzikos C.",10762752,Journal of Occupational and Environmental Medicine,52,4,0,0,0,0,0,0,2,1,2,2,3,1,1,0,0,0,0,12,0,12
2009,From the authors,"O'Connor G.T., Caffo B.",1073449X,American Journal of Respiratory and Critical Care Medicine,180,6,0,0,0,0,0,0,0,0,0,0,0,0,0,0,0,0,0,0,0,0
2009,Intelligence and medial temporal lobe function in older adults: A functional MR imaging-based investigation,"Yousem D., Yassa M.A., Cristinzio C., Kusevic I., Mohamed M., Caffo B., Bassett S.S.",1956108,American Journal of Neuroradiology,30,8,0,0,0,0,0,0,0,1,1,0,0,0,1,0,0,1,0,4,0,4
2009,Likelihood Estimation of Conjugacy Relationships in Linear Models with Applications to High-Throughput Genomics,"Caffo B., Liu D., Scharpf R.B., Parmigiani G.",15574679,International Journal of Biostatistics,5,1,0,0,0,0,0,0,0,0,0,0,0,0,0,0,0,0,0,0,0,0
2009,Sleep-disordered breathing and mortality: A prospective cohort study,"Punjabi N.M., Caffo B., Goodwin J.L., Gottlieb D.J., Newman A.B., O'Connor G.T., Rapoport D.M., Redline S., Resnick H.E., Robbins J.A., Shahar E., Unruh M.L., Samet J.",15491277,PLoS Medicine,6,8,0,0,0,0,4,42,72,87,93,99,97,87,72,69,65,63,63,913,0,913
2009,Damage to the optic radiation in multiple sclerosis is associated with retinal injury and visual disability,"Reich D., Smith S.A., Gordon-Lipkin E.M., Ozturk A., Caffo B., Balcer L.J., Calabresi P.A.",39942,Archives of Neurology,66,8,0,0,0,0,2,6,9,12,8,18,9,14,11,13,3,4,11,120,0,120
2009,Adaptive control of the false discovery rate in voxel-based morphometry,"Chen S., Wang C., Eberly L., Caffo B., Schwartz B.",10659471,Human Brain Mapping,30,7,0,0,0,0,0,1,1,1,4,3,0,2,0,0,0,1,1,14,0,14
2009,Prospective study of sleep-disordered breathing and hypertension: The sleep heart health study,"O'Connor G.T., Caffo B., Newman A.B., Quan S.F., Rapoport D.M., Redline S., Resnick H.E., Samet J., Shahar E.",1073449X,American Journal of Respiratory and Critical Care Medicine,179,12,0,0,0,0,8,21,22,29,23,22,27,21,19,32,21,13,9,267,0,267
2009,Nonparametric signal extraction and measurement error in the analysis of electroencephalographic activity during sleep,"Crainiceanu C., Caffo B., Di C.-Z., Punjabi N.M.",1621459,Journal of the American Statistical Association,104,486,0,0,0,0,2,3,2,3,3,2,3,1,2,0,1,0,0,22,0,22
2009,Easy multiplicity control in equivalence testing using two one-sided tests,"Lauzon C., Caffo B.",31305,American Statistician,63,2,0,0,0,0,0,1,3,1,2,3,3,3,0,1,4,4,3,28,0,28
2009,Modified test statistics by inter-voxel variance shrinkage with an application to f MRI,"Su S.-C., Caffo B., Garrett-Mayer E., Bassett S.S.",14654644,Biostatistics,10,2,0,0,0,0,0,0,0,0,0,1,2,1,1,1,1,0,1,8,0,8
2009,Multilevel functional principal component analysis,"Di C.-Z., Crainiceanu C., Caffo B., Punjabi N.M.",19326157,Annals of Applied Statistics,3,1,0,0,0,0,3,9,8,14,13,18,19,16,17,16,12,18,20,183,2,185
2009,Decreased connectivity and cerebellar activity in autism during motor task performance,"Mostofsky S., Powell S.K., Simmonds D.J., Goldberg M.C., Caffo B., Pekar J.",68950,Brain,132,9,0,0,0,0,1,13,26,26,33,29,28,22,22,28,23,23,22,296,1,297
2008,A survey of the likelihood approach to bioequivalence trials,"Choi L., Caffo B., Rohde C.",2776715,Statistics in Medicine,27,24,0,0,0,0,1,0,1,1,1,1,3,0,1,0,0,1,0,10,0,10
2008,A case study in pharmacologic colon imaging using principal curves in single-photon emission computed tomography,"Caffo B., Crainiceanu C., Deng L., Hendrix C.",1621459,Journal of the American Statistical Association,103,484,0,0,0,0,0,0,1,3,3,0,3,1,2,0,0,1,1,15,0,15
2008,Toward realistic and practical ideal observer (10) estimation for the optimization of medical imaging systems,"He X., Caffo B., Frey E.",2780062,IEEE Transactions on Medical Imaging,27,10,0,0,0,1,3,1,0,2,4,2,4,6,2,1,2,1,0,29,0,29
2008,Characterizing sleep structure using the hypnogram,"Swihart B.J., Caffo B., Bandeen-Roche K., Punjabi N.M.",15509389,Journal of Clinical Sleep Medicine,4,4,0,0,0,0,0,3,4,8,4,2,4,3,3,3,0,1,4,39,1,40
2008,Differential brain activation in anorexia nervosa to Fat and Thin words during a Stroop task,"Redgrave G.W., Bakker A., Bello N.T., Caffo B., Coughhlin J., Guarda A.S., McEntee J.E., Pekar J., Reinblatt S.P., Verduzco G., Moran T.H.",9594965,NeuroReport,19,12,0,0,0,0,3,3,9,5,4,4,2,2,5,4,2,1,1,45,0,45
2008,Fasting glycemia in sleep disordered breathing: Lowering the threshold on oxyhemoglobin desaturation,"Stamatakis K., Sanders M.H., Caffo B., Resnick H.E., Gottlieb D.J., Mehra R., Punjabi N.M.",1618105,Sleep,31,7,0,0,0,0,2,5,5,4,3,7,6,6,5,4,1,5,3,56,0,56
2008,A mechanisfic latent variable model for estimating drug concentrations in the male genital tract: A case study in drug kinetics,"Choi L., Caffo B., Rohde C., Ndovi T.T., Hendrix C.",2776715,Statistics in Medicine,27,14,0,0,0,0,0,0,0,0,0,0,0,0,0,0,0,0,0,0,0,0
2008,Effect of semen sampling frequency on seminal antiretroviral drug concentration,"Cao Y.J., Ndovi T.T., Parsons T., Guidos A.M., Caffo B., Hendrix C.",99236,Clinical Pharmacology and Therapeutics,83,6,0,0,0,1,0,1,3,1,3,0,0,0,0,0,0,0,0,9,0,9
2008,Accounting for within-patient correlation in assessing relative sensitivity of an adjunctive diagnostic test: Application to lung cancer,"Scharfstein D., Ryea J.L., Caffo B.",2776715,Statistics in Medicine,27,12,0,0,0,0,0,0,0,0,0,0,0,0,0,0,0,0,0,0,0,0
2008,Are brain volumes based on magnetic resonance imaging mediators of the associations of cumulative lead dose with cognitive function?,"Caffo B., Chen S., Stewart W., Bolla K., Yousem D., Davatzikos C., Schwartz B.",29262,American Journal of Epidemiology,167,4,0,0,0,0,3,3,2,1,2,1,1,0,1,1,1,3,1,20,1,21
2008,Dysregulation of glutamate carboxypeptidase II in psychiatric disease,"Guilarte T.R., Hammoud D.A., McGlothan J.L., Caffo B., Foss C.A., Kozikowski A.P., Pomper M.G.",9209964,Schizophrenia Research,99,1-3,0,0,0,2,7,2,3,6,4,2,1,4,0,0,0,2,2,35,0,35
2008,Noninvasive quantitation of drug concentration in prostate and seminal vesicles: Improvement and validation with desipramine and aspirin,"Cao Y.J.., Caffo B., Choi L., Radebaugh C.L., Fuchs E.J., Hendrix C.",912700,Journal of Clinical Pharmacology,48,2,0,0,0,0,1,0,0,0,1,0,0,0,0,0,0,0,0,2,0,2
2008,fMRI of intrasubject variability in ADHD: Anomalous premotor activity with prefrontal compensation,"Suskauer S.J., Simmonds D.J., Caffo B., Denckla M.B., Pekar J., Mostofsky S.",8908567,Journal of the American Academy of Child and Adolescent Psychiatry,47,10,0,0,0,1,7,5,9,9,10,11,11,11,8,2,11,3,11,109,0,109
2008,Power spectral analysis of EEG activity during sleep in cigarette smokers,"Zhang L., Samet J., Caffo B., Bankman I., Punjabi N.M.",123692,Chest,133,2,0,0,0,1,4,4,4,6,6,9,9,8,5,5,7,7,8,83,0,83
2008,A Bayesian hierarchical framework for spatial modeling of fMRI data,"Bowman F.D., Caffo B., Bassett S.S., Kilts C.",10538119,NeuroImage,39,1,0,0,0,2,5,4,4,7,7,8,6,6,4,11,2,8,3,77,0,77
2007,Optimal sampling times in bioequivalence studies using a simulated annealing algorithm,"Choi L., Caffo B., Rohde C.",9603174,Statistics and Computing,17,4,0,0,0,0,0,0,0,1,0,0,1,0,0,0,1,0,0,3,0,3
2007,Markov chain Monte Carlo (MCMC) based ideal observer estimation using a parameterized phantom and a pre-calculated dataset,"He X., Caffo B., Frey E.",16057422,Progress in Biomedical Optics and Imaging - Proceedings of SPIE,6515,,0,0,1,2,0,0,0,0,0,0,0,0,0,0,0,0,0,3,0,3
2007,On the potential for illogic with logically defined outcomes,"Li X., Caffo B., Scharfstein D.",14654644,Biostatistics,8,4,0,0,0,0,1,0,1,0,0,0,0,0,0,0,0,0,1,3,0,3
2007,Relations of brain volumes with cognitive function in males 45 years and older with past lead exposure,"Schwartz B., Chen S., Caffo B., Stewart W., Bolla K., Yousem D., Davatzikos C.",10538119,NeuroImage,37,2,0,0,0,4,4,2,5,1,1,2,3,3,0,3,4,1,2,35,0,35
2007,Flexible random intercept models for binary outcomes using mixtures of normals,"Caffo B., An M.-W., Rohde C.",1679473,Computational Statistics and Data Analysis,51,11,0,0,1,1,1,1,3,1,1,1,2,1,4,2,1,3,2,25,0,25
2007,A new method to estimate quantitatively seminal vesicle and prostate gland contributions to ejaculate,"Ndovi T.T., Parsons T., Choi L., Caffo B., Rohde C., Hendrix C.",3065251,British Journal of Clinical Pharmacology,63,4,0,0,0,8,1,0,3,1,1,1,0,0,0,0,0,2,0,17,0,17
2006,Fixed-width output analysis for Markov chain Monte Carlo,"Jones G.L., Haran M., Caffo B., Neath R.",1621459,Journal of the American Statistical Association,101,476,0,1,3,7,4,11,15,11,15,15,17,16,16,13,8,16,13,181,1,182
2006,Cigarette smoking and nocturnal sleep architecture,"Zhang L., Samet J., Caffo B., Punjabi N.M.",29262,American Journal of Epidemiology,164,6,0,1,2,13,12,7,13,13,22,15,20,14,12,18,17,22,20,221,0,221
2006,Quantitative assessment of seminal vesicle and prostate drug concentrations by use of a noninvasive method,"Ndovi T.T., Choi L., Caffo B., Parsons T., Baker S., Zhao M., Rohde C., Hendrix C.",99236,Clinical Pharmacology and Therapeutics,80,2,0,0,1,5,1,3,1,0,0,4,1,0,1,0,1,0,0,18,0,18
2006,A user-friendly introduction to link-probit-normal models,"Caffo B., Griswold M.",31305,American Statistician,60,2,0,1,0,0,0,0,3,1,2,1,0,1,0,0,0,1,0,10,0,10
2006,Familial risk for Alzheimer's disease alters fMRI activation patterns,"Bassett S.S., Yousem D., Cristinzio C., Kusevic I., Yassa M.A., Caffo B., Zeger S.",68950,Brain,129,5,0,2,9,14,14,18,16,10,9,6,8,4,4,3,1,6,2,126,0,126
2006,Exact hypothesis tests for log-linear models with exactLoglinTest,Caffo B.,15487660,Journal of Statistical Software,17,7,0,0,0,1,0,1,0,0,0,1,0,0,0,0,0,0,0,3,0,3
2005,Ascent-based Monte Carlo expectation-maximization,"Caffo B., Jank W., Jones G.L.",13697412,Journal of the Royal Statistical Society. Series B: Statistical Methodology,67,2,1,5,5,8,4,5,4,3,3,5,7,4,5,6,3,2,1,70,0,71
2004,"Examples in which misspecification of a random effects distribution reduces efficiency, and possible remedies","Agresti A., Caffo B., Ohman-Strickland P.",1679473,Computational Statistics and Data Analysis,47,3,1,4,4,5,9,6,6,8,5,5,7,8,12,6,3,7,13,108,0,109
2003,Monte Carlo conditional inference for log-linear and logistic models: A survey of current methodology,"Caffo B., Booth J.G.",9622802,Statistical Methods in Medical Research,12,2,0,1,1,2,1,0,0,1,2,1,0,1,0,0,0,0,0,10,0,10
2003,Simulation-based P values: Response to north et al. [1],"Broman K.W., Caffo B.",29297,American Journal of Human Genetics,72,2,2,2,0,0,0,1,0,1,0,0,0,0,1,0,0,0,1,6,0,8
2002,Empirical supremum rejection sampling,"Caffo B., Booth J.G., Davison A.C.",63444,Biometrika,89,4,3,2,0,0,0,0,2,1,0,0,0,1,0,2,0,0,0,8,0,11
2002,Unequal sampling for Monte Carlo EM algorithms,"Booth J.G., Caffo B.",1679473,Computational Statistics and Data Analysis,39,3,1,0,0,0,1,0,0,0,1,0,0,0,0,0,1,0,0,3,0,4
2002,Measures of relative model fit,"Agresti A., Caffo B.",1679473,Computational Statistics and Data Analysis,39,2,0,2,0,0,2,0,0,0,2,0,1,0,1,1,1,0,0,10,0,10
2001,Multinomial logit random effects models,"Hartzel J., Agresti A., Caffo B.",1471082X,Statistical Modeling,1,2,9,4,4,3,2,7,8,9,11,7,7,8,4,10,6,11,7,108,0,117
2001,A markov chain monte carlo algorithm for approximating exact conditional probabilities,"Caffo B., Booth J.G.",10618600,Journal of Computational and Graphical Statistics,10,4,3,3,0,1,2,2,1,1,0,2,0,0,0,1,0,0,0,13,0,16
2000,Simple and effective confidence intervals for proportions and differences of proportions result from adding two successes and two failures,"Agresti A., Caffo B.",31305,American Statistician,54,4,37,10,7,16,16,17,14,21,24,17,25,19,20,19,18,21,30,294,0,331
2000,Random-effects modeling of categorical response data,"Agresti A., Booth J.G., Hobert J.P., Caffo B.",811750,Sociological Methodology,30,1,19,9,6,4,6,5,11,7,8,4,12,4,5,3,1,7,5,97,0,116